k,gamma
100,-0.20426532220474647
101,-0.20595952664310296
102,-0.20168256663557033
103,-0.22123362700936777
104,-0.20420391217678757
105,-0.1982387551864184
106,-0.1894511458798772
107,-0.200456158647509
108,-0.18445576349104648
109,-0.17950155776532606
110,-0.16543930574621118
111,-0.15653609387867456
112,-0.16459624328791023
113,-0.1723747365610242
114,-0.16456387541822293
115,-0.17499538029660597
116,-0.18506238961088833
117,-0.18947310427373584
118,-0.19423785223601142
119,-0.18158020823837345
120,-0.16720418642482515
121,-0.18332987331886635
122,-0.17259830015768413
123,-0.1678207804760332
124,-0.19614163298605378
125,-0.1925435480379823
126,-0.1994955789603025
127,-0.19785782625418852
128,-0.2180231997245004
129,-0.20295085007125208
130,-0.20140659224607285
131,-0.21663475309838842
132,-0.21063684702763963
133,-0.2005905449694631
134,-0.21503059058138024
135,-0.20165124481206811
136,-0.1960581285907635
137,-0.1911629703373028
138,-0.18857746112924628
139,-0.18738962253215263
140,-0.17942159378005207
141,-0.1666716252491608
142,-0.16674848709428094
143,-0.15445830453500026
144,-0.1439132827128991
145,-0.1397288372301607
146,-0.14066002093210644
147,-0.17543270005343176
148,-0.17221587784180914
149,-0.1648122513200618
150,-0.15669188706683743
151,-0.15141988672382128
152,-0.14880534938226592
153,-0.16603979736863111
154,-0.1608727133872494
155,-0.15432328588631167
156,-0.16128415888541267
157,-0.15623624230804728
158,-0.1925214583885549
159,-0.1830593687201248
160,-0.17284636364241798
161,-0.16758453102308526
162,-0.16082345314424173
163,-0.15531074794557814
164,-0.14538998135631553
165,-0.13633246923088232
166,-0.12951429140945042
167,-0.1249773123611673
168,-0.12135672171268201
169,-0.11268238771840297
170,-0.11275372288189477
171,-0.10492786934793374
172,-0.10036173421898115
173,-0.11224497845870472
174,-0.1173540979956313
175,-0.13539185279059895
176,-0.14289089703086563
177,-0.14141739315654478
178,-0.13278705781595515
179,-0.12453746546863678
180,-0.12737460280398807
181,-0.15663500476704129
182,-0.14738753615466144
183,-0.1458214268473983
184,-0.15075240953268804
185,-0.14401138041838674
186,-0.136597567568852
187,-0.1358398748457852
188,-0.13220537573420113
189,-0.12499254274823969
190,-0.12409390180010223
191,-0.12440718720796934
192,-0.11666149221138616
193,-0.10834293174503888
194,-0.11205451374507433
195,-0.11209392676384247
196,-0.11807972318007147
197,-0.11228028295342495
198,-0.1053910783070203
199,-0.09915855958106529
200,-0.09228813432611031
201,-0.09421771301392873
202,-0.09046110061542861
203,-0.1225697331133882
204,-0.12024693614027608
205,-0.11645768790232364
206,-0.11619351399080755
207,-0.1084310626064702
208,-0.11748196645059243
209,-0.14030762599926683
210,-0.14811515057876928
211,-0.14845634180263023
212,-0.16625110212370173
213,-0.15830316522347126
214,-0.16661652141129019
215,-0.18283304129314532
216,-0.1761437580822774
217,-0.17005495251618907
218,-0.16375507168258496
219,-0.1591158019948185
220,-0.1520248203466401
221,-0.1621420889873807
222,-0.18048692474355796
223,-0.18568958734207658
224,-0.18031943573769788
225,-0.19604524763696543
226,-0.2064302089678436
227,-0.19963424065562846
228,-0.20016556052915935
229,-0.19942601098830925
230,-0.1956981163688762
231,-0.1911071382225289
232,-0.20039376697075614
233,-0.199313070649356
234,-0.19225722108252352
235,-0.1847205050691222
236,-0.18161724465773915
237,-0.17423488200242243
238,-0.16993289545010287
239,-0.16512697996824793
240,-0.15939847214644165
241,-0.15305526265152228
242,-0.1485138534266407
243,-0.1421848432686399
244,-0.135277540263314
245,-0.13577773923832875
246,-0.13271841113573918
247,-0.13269697837585095
248,-0.12645095507246085
249,-0.12384494482856909
250,-0.11848610698130924
251,-0.1119914354049881
252,-0.11817104729731973
253,-0.1267984826703739
254,-0.1237316579829994
255,-0.14063781633030475
256,-0.136143398130122
257,-0.15178248613874
258,-0.15543638610247762
259,-0.15586217437033217
260,-0.15182638066017784
261,-0.1462292060936191
262,-0.1398826498571471
263,-0.143059756272069
264,-0.1544700392505699
265,-0.15094403090441788
266,-0.1526451178337353
267,-0.1472582589639905
268,-0.16269446328501452
269,-0.15789101860588034
270,-0.15259699969904494
271,-0.15110666049776436
272,-0.1492933732904629
273,-0.15535536023992205
274,-0.1492653653801486
275,-0.14644545049460522
276,-0.14133157471306873
277,-0.14142339250936686
278,-0.13735421145954715
279,-0.13285159368158683
280,-0.12776155807139128
281,-0.12259005877005415
282,-0.12803071653771275
283,-0.12234888119081672
284,-0.1228041919396149
285,-0.12521795421005638
286,-0.1209945715546848
287,-0.13807392761865123
288,-0.1361365004320056
289,-0.13214405490227954
290,-0.1265476950888736
291,-0.13386642794125808
292,-0.14438778195013985
293,-0.1633088942364483
294,-0.15753216790009003
295,-0.16514089027552492
296,-0.1611864990233613
297,-0.17540184059833897
298,-0.1816092588148662
299,-0.1795955855042916
300,-0.18947187172349517
301,-0.18306443661915195
302,-0.18245299480695254
303,-0.17760777743612255
304,-0.1727496167896755
305,-0.17547925780207216
306,-0.17430878714263098
307,-0.16934985456099133
308,-0.18235016629518347
309,-0.18310445543913387
310,-0.17782869621381867
311,-0.19406795126534812
312,-0.2094847385067173
313,-0.20650894361653616
314,-0.20068589199526726
315,-0.19744757266140983
316,-0.19232109613991155
317,-0.18767120206002652
318,-0.18174929513858146
319,-0.17926622747002863
320,-0.18198374206363882
321,-0.19193707976845165
322,-0.18603423605045086
323,-0.18023526632190173
324,-0.19146683806453485
325,-0.1911399491822891
326,-0.18768939124021045
327,-0.1822391369100264
328,-0.1831919008363342
329,-0.1793924439736946
330,-0.17768022785676413
331,-0.17904917892777172
332,-0.17480356566299304
333,-0.17545738308508307
334,-0.1702242087819618
335,-0.17507765478317125
336,-0.17039171550020682
337,-0.17093628860404558
338,-0.1761987489803355
339,-0.17089050319478355
340,-0.1751496983507701
341,-0.17596513839625244
342,-0.17420740868252732
343,-0.18441028516715408
344,-0.18076140577531002
345,-0.1787974161721183
346,-0.17481600895725047
347,-0.18619591341089203
348,-0.18419571026854936
349,-0.18268804253894327
350,-0.17744428041069005
351,-0.1745106207760277
352,-0.1781815394039398
353,-0.1745052079199067
354,-0.17128995996675928
355,-0.16655012973408226
356,-0.1741629314055407
357,-0.17258594317012332
358,-0.16758520036244684
359,-0.16361070200096178
360,-0.17695063787826615
361,-0.17400352805269825
362,-0.1694073228289918
363,-0.16558622717997346
364,-0.1633315423469115
365,-0.1674596242944988
366,-0.16443438149042353
367,-0.1783003400814616
368,-0.17641109611936373
369,-0.17293402502789335
370,-0.18175590561154203
371,-0.1784659547230371
372,-0.17927893721089516
373,-0.18420586437401654
374,-0.1818209789249807
375,-0.1920590572291812
376,-0.19217676305682668
377,-0.18790962451401833
378,-0.19140520355023055
379,-0.18697929317155948
380,-0.18460561297286687
381,-0.1848545913380889
382,-0.18151091401180688
383,-0.17959530796563922
384,-0.18893445813413745
385,-0.18561433556070972
386,-0.18426158831913492
387,-0.1826630727207157
388,-0.1920978522609027
389,-0.18983093096670778
390,-0.18725011780997872
391,-0.18361295181300563
392,-0.1787426954416394
393,-0.17412674330982084
394,-0.17667483859151217
395,-0.17606605090216862
396,-0.174975273897034
397,-0.17039190705509705
398,-0.1699979594223623
399,-0.16696880601593295
400,-0.16473297754766747
401,-0.16072552649718297
402,-0.16089458147723762
403,-0.16312981443791358
404,-0.1619741044805691
405,-0.1613913565005041
406,-0.1575196792390503
407,-0.1543249220279411
408,-0.15020464070940132
409,-0.1492127868491167
410,-0.14515879780111302
411,-0.15819054922642106
412,-0.15586016064043995
413,-0.1545659879446421
414,-0.15478429418911477
415,-0.16206337046116334
416,-0.1652394014829341
417,-0.1630506636889008
418,-0.1603665451352248
419,-0.16181772627918217
420,-0.17519946537587783
421,-0.17216529576173273
422,-0.18455820145194057
423,-0.1850194183410404
424,-0.18235730736296712
425,-0.17780519029435352
426,-0.17333648535551427
427,-0.18093872524314983
428,-0.17775800191241725
429,-0.1741392074716398
430,-0.17054033880190533
431,-0.16891279286791944
432,-0.1729794322454851
433,-0.18439280200244507
434,-0.18184109146967092
435,-0.1778055111342316
436,-0.18147437250260035
437,-0.17725479775944095
438,-0.17780522608132826
439,-0.17426186893367396
440,-0.19262165849508842
441,-0.19357881279492245
442,-0.19432792116727476
443,-0.19301304104070816
444,-0.20494890143372999
445,-0.20262382432946124
446,-0.20303147554591253
447,-0.19955651222044263
448,-0.19633390164120706
449,-0.19270595303091165
450,-0.19046079935659638
451,-0.18761143024856416
452,-0.18593002294300537
453,-0.18160221886850741
454,-0.1784873590413898
455,-0.1865534279690204
456,-0.18703900350440755
457,-0.19208591811317144
458,-0.19850020828340403
459,-0.2030543778747989
460,-0.20620794029666584
461,-0.2074194420608827
462,-0.22449203310383925
463,-0.22397544164576322
464,-0.22354885907837674
465,-0.2209021732274169
466,-0.21735009896757448
467,-0.21562142656910688
468,-0.2153230554539021
469,-0.21333356653126737
470,-0.20942702576967523
471,-0.22117903510451137
472,-0.21777044171060456
473,-0.21571019091468774
474,-0.2217187176637099
475,-0.2180249409998013
476,-0.2148493867760341
477,-0.21236099685363266
478,-0.20824100207785864
479,-0.21227419162282468
480,-0.20930189930045603
481,-0.21024345056228488
482,-0.20710382374681346
483,-0.20307123815194453
484,-0.20166887004241846
485,-0.19795540572320314
486,-0.19703434284062685
487,-0.1976393990610295
488,-0.20077549764007951
489,-0.1998834707838684
490,-0.20550164615719094
491,-0.2032496909604748
492,-0.20181081427419525
493,-0.20011417928276706
494,-0.19668369742097455
495,-0.19335139078183278
496,-0.19093909596207978
497,-0.19714238631657338
498,-0.19567435334917851
499,-0.19457489319183666
500,-0.19833559461906705
501,-0.19765404322935815
502,-0.2103863013369808
503,-0.21220491874593395
504,-0.20855946137216416
505,-0.20772843120957876
506,-0.20490668766762063
507,-0.2027580089351032
508,-0.20148391701378288
509,-0.20019004516754615
510,-0.19963909384653009
511,-0.1960462940399098
512,-0.19402836356911457
513,-0.19048441971997784
514,-0.18903472254975817
515,-0.18844933145147236
516,-0.18523223077997877
517,-0.18652722508628994
518,-0.19053421780729968
519,-0.19313594109821483
520,-0.19824820685084368
521,-0.19533524723858747
522,-0.19314850448092138
523,-0.19419547800545042
524,-0.19327334258724282
525,-0.1959139971853367
526,-0.19337175599106562
527,-0.18986032792405116
528,-0.18783075844542907
529,-0.19009938798681197
530,-0.18986605326532127
531,-0.19113985743555417
532,-0.18886471030357063
533,-0.18836946066957674
534,-0.1889038439983803
535,-0.19127261680814353
536,-0.19204452239159192
537,-0.18830163918023907
538,-0.19005704031744344
539,-0.19099865605609923
540,-0.19159375605834944
541,-0.19436030263331067
542,-0.19094131002439543
543,-0.18750141108799961
544,-0.18971222555233355
545,-0.18747829301433128
546,-0.18830300186738974
547,-0.18619812302777486
548,-0.1848734307779122
549,-0.181591531130951
550,-0.1810740626816
551,-0.1788346821376884
552,-0.1752937941629904
553,-0.17949065670078193
554,-0.1759224875932448
555,-0.17690834719519188
556,-0.17448044578426092
557,-0.17175030609864195
558,-0.16850644529777747
559,-0.1743266820482429
560,-0.17583477607220244
561,-0.17451820304968005
562,-0.18535738687713957
563,-0.1838485198204857
564,-0.18219548638289831
565,-0.18390837654526712
566,-0.18692879970810364
567,-0.18619034683123104
568,-0.18467912204188616
569,-0.18322892551652736
570,-0.18208746928110087
571,-0.17910144625255456
572,-0.18210312028287545
573,-0.18007562914942918
574,-0.17818994656419346
575,-0.18252106581109204
576,-0.17918937003547583
577,-0.1902020203659751
578,-0.18858532959812907
579,-0.18908279688209967
580,-0.1863450970747742
581,-0.20412347586091578
582,-0.20195123823321853
583,-0.19891770511322093
584,-0.19798782780807692
585,-0.19907399213855512
586,-0.19827393004185817
587,-0.19624574154610838
588,-0.19781355344999046
589,-0.20313212004646183
590,-0.20128953756845738
591,-0.19996519010727631
592,-0.20006088395144594
593,-0.19762607171703947
594,-0.19677998474414832
595,-0.19795416802984797
596,-0.19954253562197993
597,-0.2077684119372083
598,-0.21000060007627747
599,-0.21052772731754837
600,-0.20802187090720997
601,-0.2118917652028249
602,-0.20849177714325665
603,-0.2052952424059052
604,-0.20267588493432714
605,-0.21090722065101378
606,-0.22281844561914715
607,-0.21950509301882407
608,-0.21968518281609606
609,-0.2216630612136426
610,-0.2190063611998247
611,-0.2180838387082679
612,-0.223140714688431
613,-0.2219322424811803
614,-0.22461936902739962
615,-0.22532990875016382
616,-0.22298069883499572
617,-0.2201511095170214
618,-0.218392980030521
619,-0.21663820247274215
620,-0.21928574621990835
621,-0.21617160630470292
622,-0.21422667694064987
623,-0.21171816797028462
624,-0.211631355946693
625,-0.20914341343010906
626,-0.20636949932228196
627,-0.20305126331130505
628,-0.20074707678367854
629,-0.20017248996980957
630,-0.19824005335438746
631,-0.19757036455149257
632,-0.20080479349772376
633,-0.19944648517151523
634,-0.1985508494205198
635,-0.20007393672102827
636,-0.1979393260827963
637,-0.19668833607844174
638,-0.19980054765285224
639,-0.2049811877072961
640,-0.20211620726374438
641,-0.20228778306606707
642,-0.1995220224592858
643,-0.19790890833899255
644,-0.19519862347343306
645,-0.19551109457552188
646,-0.19664925085208193
647,-0.19457300519766615
648,-0.19187785907144803
649,-0.1892103231357715
650,-0.18662744783763469
651,-0.18631643410045037
652,-0.1856895368091492
653,-0.18815138723212904
654,-0.18604755274552245
655,-0.1878768771412237
656,-0.18483143507925295
657,-0.1833385726608531
658,-0.1832548874782091
659,-0.18309927847727878
660,-0.18306324376115526
661,-0.18316581668720883
662,-0.1807607213278387
663,-0.1817295194164211
664,-0.179662822596145
665,-0.17684715153464703
666,-0.1752045591233762
667,-0.17229744003966851
668,-0.17056479946994432
669,-0.16865974004271805
670,-0.1848243982498748
671,-0.18613608150431638
672,-0.1841986827123731
673,-0.18319017034020865
674,-0.18041508383375843
675,-0.17926717825161553
676,-0.17942004818431034
677,-0.17776932405144205
678,-0.18386385362282337
679,-0.1929601195063948
680,-0.19350801177784227
681,-0.1909597518357743
682,-0.1930078333749024
683,-0.19289697326564456
684,-0.19075338146060783
685,-0.19035999828754982
686,-0.1880842693291075
687,-0.18540823277803684
688,-0.18849674527216495
689,-0.18830704890486563
690,-0.18841392803263884
691,-0.18558095444653927
692,-0.19208151349338753
693,-0.1978686794092282
694,-0.1985280053473291
695,-0.1993361013933445
696,-0.19809560221190017
697,-0.19586024840067945
698,-0.19467099719504485
699,-0.19419619342983702
700,-0.19312486794332479
701,-0.19134590433474893
702,-0.18869402388482343
703,-0.1859387737087748
704,-0.18835474336416358
705,-0.18987912247516267
706,-0.19242098677441963
707,-0.19145282990767573
708,-0.18902498572792756
709,-0.18866554860974905
710,-0.18606441530926954
711,-0.1835622662929106
712,-0.18077018350805085
713,-0.17823073344720655
714,-0.17568672397169827
715,-0.17293179956343105
716,-0.17065588323476719
717,-0.16964061792011256
718,-0.16697717679541846
719,-0.16703041638435595
720,-0.1692305766930556
721,-0.16771207787114287
722,-0.1659372336846051
723,-0.1674422347010165
724,-0.16848163443938674
725,-0.16645797373135143
726,-0.1651630430427854
727,-0.1627919510739584
728,-0.16013653658137644
729,-0.15964191384633872
730,-0.16102058693893606
731,-0.15871862775996345
732,-0.17087848476222026
733,-0.16993774253221877
734,-0.16737347962538798
735,-0.16506118029256686
736,-0.16604413159106285
737,-0.17145137687851786
738,-0.1693211062504463
739,-0.17852320887642004
740,-0.17684394734712647
741,-0.17499730319566092
742,-0.17351714312356548
743,-0.17375645287733335
744,-0.1845878572422484
745,-0.18477193042833667
746,-0.18217029747203445
747,-0.180869975177345
748,-0.18463903026020823
749,-0.18235989098273622
750,-0.18727722125902846
751,-0.1850653988332802
752,-0.18331645280226994
753,-0.18095412749447157
754,-0.17831042793177945
755,-0.17563233514146367
756,-0.17670433205437197
757,-0.17582451193823978
758,-0.1752249005971371
759,-0.1741058331734773
760,-0.1735221290929853
761,-0.17437648854371604
762,-0.1730708920985749
763,-0.17188964433804974
764,-0.17229881752275664
765,-0.17111049039728363
766,-0.16967086269804266
767,-0.17305352204794444
768,-0.17204108835804027
769,-0.17196464529423358
770,-0.17277607394210737
771,-0.17341132991633884
772,-0.17480993043739138
773,-0.17453903648301836
774,-0.1724564950455018
775,-0.17120258506852348
776,-0.16973172359884034
777,-0.1699483981215939
778,-0.16776133678424016
779,-0.16557142402010463
780,-0.1700185145005281
781,-0.17412952472778334
782,-0.175958816288328
783,-0.1765874518747353
784,-0.17772049087913303
785,-0.1759476598401656
786,-0.17339163995645848
787,-0.1714350288994418
788,-0.17004662178919563
789,-0.16954598467262308
790,-0.16726114958476485
791,-0.16589018868943226
792,-0.16605433702700123
793,-0.16356126038745572
794,-0.16128781385643504
795,-0.16373831376572925
796,-0.16763800828013362
797,-0.16746377595874612
798,-0.16809428044016875
799,-0.17256827525636184
800,-0.17501445744259897
801,-0.17380232651531463
802,-0.1716683082206885
803,-0.1694790765013209
804,-0.1690124849073812
805,-0.16841468197089207
806,-0.16844171517812176
807,-0.16602266405173827
808,-0.167156536138862
809,-0.16567272064259259
810,-0.16502986944995715
811,-0.16715346028116956
812,-0.1656529917057734
813,-0.1673229506143619
814,-0.16488617610572073
815,-0.16376864002333652
816,-0.1634916604843633
817,-0.16324554006336597
818,-0.1609480540766536
819,-0.1596238404352769
820,-0.15912324293841218
821,-0.15684222688283644
822,-0.15643849468858456
823,-0.1553394351824987
824,-0.15381892904458788
825,-0.1597994428404753
826,-0.16199200990938514
827,-0.15984074883838345
828,-0.15749960473865804
829,-0.15750711525380304
830,-0.15559308715343595
831,-0.15384662951641737
832,-0.1535129207839711
833,-0.15289123667955143
834,-0.1507692995438173
835,-0.14918204565708826
836,-0.15026210347688332
837,-0.1546472484137375
838,-0.15345480192610578
839,-0.15597146773271192
840,-0.15407121945484414
841,-0.15569559472477634
842,-0.15704745481886992
843,-0.15588746677010437
844,-0.15365025768811785
845,-0.15226717275315338
846,-0.1529875983606065
847,-0.15314451890104455
848,-0.15575681666363916
849,-0.1537288706427265
850,-0.1524143651215767
851,-0.1505431980894492
852,-0.14849050419395718
853,-0.15079443597578618
854,-0.1527766823700542
855,-0.15308848023819074
856,-0.15385650485596136
857,-0.1541184081992303
858,-0.15207390976681698
859,-0.15010329156823543
860,-0.1517772754458753
861,-0.15011993704325968
862,-0.15229866044133078
863,-0.15056867767458623
864,-0.1488797929827405
865,-0.15101445977950775
866,-0.14977429804831502
867,-0.15155958720519008
868,-0.15131796744239429
869,-0.14993230939450894
870,-0.15144102508104773
871,-0.1501302727540967
872,-0.14862237585166382
873,-0.15135518411216597
874,-0.14915449237968287
875,-0.15204824564632086
876,-0.14999440308992548
877,-0.15657783785957913
878,-0.15642523879446177
879,-0.15540526523264014
880,-0.15365400621346662
881,-0.15282396039171942
882,-0.16144312624329735
883,-0.1622557946174032
884,-0.1618153809427368
885,-0.1596054789284401
886,-0.15742766678814687
887,-0.15546666494081512
888,-0.15577169664580173
889,-0.15383857178931892
890,-0.1535968025341892
891,-0.15224287107592463
892,-0.15377465795684273
893,-0.1537095778561536
894,-0.15163860051666428
895,-0.15059205036075082
896,-0.1499487677585026
897,-0.14893793080629977
898,-0.14911455443255975
899,-0.14838116316524574
900,-0.14917639587768688
901,-0.15120132405195
902,-0.14954940677076106
903,-0.14913631833499252
904,-0.1519043749179289
905,-0.1527938651772426
906,-0.1542627365154107
907,-0.15806039341371367
908,-0.1572644529202357
909,-0.1562030323078755
910,-0.15825464625773106
911,-0.16069076093110835
912,-0.15952331984393006
913,-0.15898807372213414
914,-0.15795491867473516
915,-0.1563892545679395
916,-0.15599760292405904
917,-0.1540454499632626
918,-0.15253154078742523
919,-0.1556347338694823
920,-0.15471108498150962
921,-0.15739233806249128
922,-0.1637979037715869
923,-0.16342689556029413
924,-0.16400372505858976
925,-0.16872880471957646
926,-0.16709363608682223
927,-0.167100597359748
928,-0.16581644196256456
929,-0.16755189298664594
930,-0.16555309005157492
931,-0.16342039713541984
932,-0.16217960170718076
933,-0.1601394453229983
934,-0.15893105754915846
935,-0.1583641864708372
936,-0.16641876192940913
937,-0.16659108165734401
938,-0.1666049590576893
939,-0.16557145630315162
940,-0.16480045941677693
941,-0.16369907604227377
942,-0.16195392416511864
943,-0.16043820104157883
944,-0.1585107153093547
945,-0.158574210251241
946,-0.15803169734641634
947,-0.1578489158761209
948,-0.15860662518205915
949,-0.1583458675355457
950,-0.1576758283800297
951,-0.1583892482625184
952,-0.16725217310769483
953,-0.1652985205270945
954,-0.16476848259367705
955,-0.16514801235534562
956,-0.16392328402825634
957,-0.16208648771401135
958,-0.16192982423139493
959,-0.1605228929759241
960,-0.1587264451111811
961,-0.15801997893405492
962,-0.1582539016075278
963,-0.1564147520486318
964,-0.1583690575103934
965,-0.15665404747147352
966,-0.15466373803899502
967,-0.15283256889185778
968,-0.15280288208468384
969,-0.1541295597265536
970,-0.1688541838862205
971,-0.16923739060819554
972,-0.17194927256254675
973,-0.17150576938710768
974,-0.16989990242381428
975,-0.168237912322266
976,-0.16752197438696922
977,-0.16651248090127788
978,-0.16476071091894717
979,-0.1675959326757426
980,-0.16626705267634886
981,-0.16645991547138383
982,-0.1651709403196132
983,-0.16463971397281105
984,-0.16429737124383834
985,-0.16463420186116015
986,-0.16722977603370673
987,-0.16525367028837998
988,-0.16523735885971494
989,-0.16422656498811855
990,-0.1631820251671378
991,-0.1653751806660257
992,-0.16738302215885553
993,-0.166286643444308
994,-0.1644995917608646
995,-0.16434297489642846
996,-0.16322847656479303
997,-0.16494326829302228
998,-0.16386184415044663
999,-0.16188963112895507
1000,-0.16306857013585754
1001,-0.16155958425517214
1002,-0.15957066014583457
1003,-0.15832649604246882
1004,-0.1634385530317312
1005,-0.1632161666498653
1006,-0.16530502893581625
1007,-0.1635471421025221
1008,-0.179763181275525
1009,-0.17838134135167186
1010,-0.1790811106254334
1011,-0.1780502630811166
1012,-0.17791453998349882
1013,-0.1764409248616903
1014,-0.1747522686646373
1015,-0.1728855073146526
1016,-0.17184109105712414
1017,-0.17446134451324322
1018,-0.17354965213653165
1019,-0.1721755923865464
1020,-0.17185069813696593
1021,-0.17028946708996545
1022,-0.16901265978422586
1023,-0.17266433588518368
1024,-0.17131719525836459
1025,-0.171852703650422
1026,-0.17466603233992348
1027,-0.1738491174421229
1028,-0.17299449201467448
1029,-0.1716372297188715
1030,-0.17228170382889182
1031,-0.18477518980970942
1032,-0.1858698558945873
1033,-0.18414369010053466
1034,-0.18530893700009504
1035,-0.18353293530873518
1036,-0.18223955710262654
1037,-0.18269389801695368
1038,-0.1813972251267197
1039,-0.1810289560480128
1040,-0.18398047288194397
1041,-0.182950792694163
1042,-0.18354965523940694
1043,-0.18546871975682228
1044,-0.1837871210151721
1045,-0.19029882589930797
1046,-0.1914402518529435
1047,-0.1897028147132516
1048,-0.18880686490848891
1049,-0.18887112611266627
1050,-0.1883002995303342
1051,-0.18694390756955506
1052,-0.1856641252443483
1053,-0.18587092576432018
1054,-0.18424955543155047
1055,-0.1865470651401173
1056,-0.18525645987885567
1057,-0.18467704010848296
1058,-0.18385276233061168
1059,-0.19089674128315756
1060,-0.1890656598805387
1061,-0.18732030797725954
1062,-0.18548180522798247
1063,-0.1849948280632141
1064,-0.18620904984865072
1065,-0.1917142360555786
1066,-0.1913594020456857
1067,-0.1903303450946297
1068,-0.19028658183756728
1069,-0.18999412246062922
1070,-0.18819178047078294
1071,-0.18881622260727673
1072,-0.18841143086437748
1073,-0.1876189238028045
1074,-0.18897906280632965
1075,-0.18914722415997698
1076,-0.1930435290825717
1077,-0.19126099800510038
1078,-0.18986077867178547
1079,-0.18914543194089392
1080,-0.19262350143271567
1081,-0.1908060128873778
1082,-0.19084329643065384
1083,-0.19045823537495293
1084,-0.19030271218599615
1085,-0.18875127733573227
1086,-0.18691712386517753
1087,-0.18557981429324233
1088,-0.1839827405889329
1089,-0.1831524261237057
1090,-0.18219758790522597
1091,-0.18182819312041656
1092,-0.182222464677501
1093,-0.18072576082032255
1094,-0.17892798881279182
1095,-0.1776177585822861
1096,-0.17725637824227855
1097,-0.17695461963409234
1098,-0.17591608905582196
1099,-0.17614942717415547
1100,-0.18136446047882104
1101,-0.17979378709921565
1102,-0.1787254506964646
1103,-0.17811586224171339
1104,-0.17863139930559988
1105,-0.18097908089893003
1106,-0.18079290358703798
1107,-0.1800576521846721
1108,-0.1818692416223694
1109,-0.18045956309439956
1110,-0.1799759978669797
1111,-0.17957134406300362
1112,-0.17855623427814507
1113,-0.17689484488828178
1114,-0.17679828193103372
1115,-0.1749817555274374
1116,-0.17382925292520007
1117,-0.17221192634234897
1118,-0.17438133656342633
1119,-0.17391081094978733
1120,-0.17332638796931507
1121,-0.17208411303772816
1122,-0.17104509187220482
1123,-0.1700847865921941
1124,-0.17069135300261537
1125,-0.16935660462165097
1126,-0.1703472114169485
1127,-0.17032511765460953
1128,-0.16863659063605735
1129,-0.16736155832470792
1130,-0.1666923307947662
1131,-0.1652684723857924
1132,-0.16400743718335878
1133,-0.16253372496474397
1134,-0.16276840698852857
1135,-0.16173526975901775
1136,-0.16030516868201247
1137,-0.16085747357126554
1138,-0.15914274321181995
1139,-0.15853604465721924
1140,-0.15756353910372772
1141,-0.15767777926068988
1142,-0.15846210715723072
1143,-0.15965256561412444
1144,-0.15957196745400523
1145,-0.15888579151646717
1146,-0.15956270112707388
1147,-0.16023726940369043
1148,-0.16201437099129945
1149,-0.1623713226069613
1150,-0.16103344566065178
1151,-0.16189394077257943
1152,-0.161391721336212
1153,-0.16103294531074372
1154,-0.15937170599548595
1155,-0.16643916862178687
1156,-0.16787054926245498
1157,-0.17035205412668764
1158,-0.16864940799042055
1159,-0.1670267404261937
1160,-0.16683091971710778
1161,-0.16534328565234616
1162,-0.16656859627288903
1163,-0.164857412016347
1164,-0.16645040294951727
1165,-0.16595570299917625
1166,-0.1644769045059766
1167,-0.16474251533904255
1168,-0.163552823662072
1169,-0.16259164002587181
1170,-0.16401870205231053
1171,-0.16244460248169487
1172,-0.16553701618208516
1173,-0.16689910324518661
1174,-0.1673242681269885
1175,-0.1663092989420018
1176,-0.1656803060045395
1177,-0.1671628599371471
1178,-0.16648810162507074
1179,-0.16491108322539136
1180,-0.16410827889880375
1181,-0.16418836313037818
1182,-0.16373061851595275
1183,-0.1639598048924506
1184,-0.16559615440501335
1185,-0.1678591891133395
1186,-0.16620884246782722
1187,-0.16642768038185105
1188,-0.17064692701981637
1189,-0.17343389770827736
1190,-0.1725402482988844
1191,-0.17087526557504032
1192,-0.17251506198875796
1193,-0.17274919637692168
1194,-0.17271934315941692
1195,-0.17454280215332962
1196,-0.17665242585069507
1197,-0.1751088740111238
1198,-0.17510131473825868
1199,-0.17455694020073242
1200,-0.1747368411108839
1201,-0.17605881408895802
1202,-0.1752809908275821
1203,-0.17508998823399674
1204,-0.17525558286823478
1205,-0.17353442236903688
1206,-0.17311126832199097
1207,-0.17302302223812008
1208,-0.17297491564420595
1209,-0.1713123018848974
1210,-0.17148002087955835
1211,-0.17037874854426302
1212,-0.16977713487268364
1213,-0.1706547429375053
1214,-0.1725247266010395
1215,-0.17125599712973635
1216,-0.17347793455759428
1217,-0.17341200077476696
1218,-0.17367836411845797
1219,-0.17431309574137052
1220,-0.17632929151016427
1221,-0.17486072443498232
1222,-0.17397693212928952
1223,-0.18092994514627678
1224,-0.18043261280269
1225,-0.17955460077711277
1226,-0.17818022094225108
1227,-0.17755086048790403
1228,-0.17882883965452034
1229,-0.17988705228902216
1230,-0.17849234957442878
1231,-0.1770854546013469
1232,-0.17814629712658211
1233,-0.17644249073658402
1234,-0.1763703848557102
1235,-0.17473747148146693
1236,-0.17481696575190583
1237,-0.17384747033362385
1238,-0.1723596337336835
1239,-0.17108930663850105
1240,-0.17365604158045927
1241,-0.17377258853243177
1242,-0.1723865626942769
1243,-0.17219384803857582
1244,-0.17200752518460502
1245,-0.17206821799677874
1246,-0.1707135686326626
1247,-0.1695886714235535
1248,-0.16887620125071615
1249,-0.1685259069726176
1250,-0.17099714661519227
1251,-0.1721716577298378
1252,-0.172482342767473
1253,-0.17633012850575627
1254,-0.17613023325624547
1255,-0.17801405996945482
1256,-0.1775669268937349
1257,-0.1804263801801527
1258,-0.17905355883695748
1259,-0.18049185571462206
1260,-0.17905963092826654
1261,-0.1775817974805733
1262,-0.1782301067950114
1263,-0.17765761825763735
1264,-0.17751430503654983
1265,-0.178209810583684
1266,-0.17759619659580037
1267,-0.176501546423841
1268,-0.17574808780671566
1269,-0.17415941904781082
1270,-0.17337807026828295
1271,-0.17297321077238967
1272,-0.17192876231718046
1273,-0.17043971423672066
1274,-0.16926201918351888
1275,-0.1714200052109454
1276,-0.17124997944846052
1277,-0.17049227750525275
1278,-0.1760619031518736
1279,-0.17550539297149836
1280,-0.17562075557338683
1281,-0.1785914520614728
1282,-0.17805023836774891
1283,-0.17793179953917268
1284,-0.17714660651733244
1285,-0.17648204021688402
1286,-0.17533439762658287
1287,-0.17448101170165337
1288,-0.1734191410000204
1289,-0.1720740609720043
1290,-0.17200787596782605
1291,-0.1705818617678813
1292,-0.17191481336001105
1293,-0.17389129055092423
1294,-0.17824813760801606
1295,-0.17739333776490085
1296,-0.1798336852772598
1297,-0.18164770015288778
1298,-0.1805390884441999
1299,-0.18199415372753322
1300,-0.1804338888613901
1301,-0.1788821015074799
1302,-0.1774717764260327
1303,-0.1807685238717219
1304,-0.18075694564423062
1305,-0.17955073502304095
1306,-0.17835200136939616
1307,-0.17807617252635355
1308,-0.17687628572767283
1309,-0.17531864740510214
1310,-0.17385132868905645
1311,-0.17256607204342433
1312,-0.1760427903936028
1313,-0.17493695722980682
1314,-0.17598519495124337
1315,-0.1749548132559702
1316,-0.17401411479615111
1317,-0.1734111077999846
1318,-0.17327538481761898
1319,-0.17240305137084155
1320,-0.1715983020995805
1321,-0.17045350156363695
1322,-0.1700341789659107
1323,-0.16974213205485447
1324,-0.17299927986568597
1325,-0.1726645713730198
1326,-0.17212951089293393
1327,-0.17271005565499087
1328,-0.17307405774035184
1329,-0.17214998702195494
1330,-0.17156414787565807
1331,-0.169984195151051
1332,-0.16865543530871768
1333,-0.1677580012653584
1334,-0.16712040913634552
1335,-0.1670131468394351
1336,-0.16599148429946264
1337,-0.16567694181259565
1338,-0.16625175269936132
1339,-0.16658027017276772
1340,-0.1666941455341614
1341,-0.1683017799309846
1342,-0.17227723016986093
1343,-0.17241133018021476
1344,-0.17136061314588938
1345,-0.17246953100013665
1346,-0.17353987379783525
1347,-0.17443664801810635
1348,-0.17294945836443462
1349,-0.17584833018674068
1350,-0.17531184696267568
1351,-0.17492967317823005
1352,-0.17460639438963418
1353,-0.17441574935871929
1354,-0.17467210846550027
1355,-0.1740835231214373
1356,-0.17426911105374585
1357,-0.17335070105771544
1358,-0.17225139143839732
1359,-0.17107272653459296
1360,-0.17056116532266066
1361,-0.1707159531821417
1362,-0.1707927442734752
1363,-0.17310385884208526
1364,-0.17219480128849382
1365,-0.17096092949903366
1366,-0.17026740609099866
1367,-0.16954500522864774
1368,-0.1682862739971375
1369,-0.16755994425621618
1370,-0.16698323303531365
1371,-0.16739678451063023
1372,-0.1663771201069445
1373,-0.16554979053958757
1374,-0.1648940849824255
1375,-0.16580064679979453
1376,-0.1646840728919401
1377,-0.16366029104863694
1378,-0.16255702912775633
1379,-0.16145206004518994
1380,-0.1637538096368557
1381,-0.16226980129663804
1382,-0.16095419020608875
1383,-0.16033261661731807
1384,-0.16040572459108465
1385,-0.16116015354788985
1386,-0.16185378717955973
1387,-0.16104575244357852
1388,-0.1596769981826342
1389,-0.1581933785969618
1390,-0.16020869863246076
1391,-0.16157523827241585
1392,-0.16123544118533928
1393,-0.16163891878610304
1394,-0.16025142184243363
1395,-0.1602034340341719
1396,-0.15931853305012464
1397,-0.15913878320089458
1398,-0.158006143634898
1399,-0.16002506697590738
1400,-0.1589954626947714
1401,-0.15771142927180243
1402,-0.15629082072940612
1403,-0.15589630535968255
1404,-0.15477018289903482
1405,-0.1541826368712354
1406,-0.15320621858782552
1407,-0.1518604447019079
1408,-0.1514450921471373
1409,-0.1536867923326299
1410,-0.15313291959132075
1411,-0.1530440944388803
1412,-0.15173367217129047
1413,-0.15088166686724697
1414,-0.1532743220607722
1415,-0.1520711969714319
1416,-0.15393869406181282
1417,-0.15654907868872178
1418,-0.15597459506808045
1419,-0.15855203783207297
1420,-0.15902003147615681
1421,-0.15797868555298872
1422,-0.15662275064988967
1423,-0.1586765270472225
1424,-0.15884518842935721
1425,-0.15904497286647867
1426,-0.16094430189370593
1427,-0.1598048443380005
1428,-0.1592463789039264
1429,-0.15957362916845816
1430,-0.15820488149817247
1431,-0.16179860106654678
1432,-0.16065685541251162
1433,-0.15970893748043768
1434,-0.16374676822585654
1435,-0.16314784883554462
1436,-0.16674685913462214
1437,-0.16535827146894008
1438,-0.16484579732912646
1439,-0.16558137119753108
1440,-0.16493864549766288
1441,-0.16470904714168072
1442,-0.16330320488557437
1443,-0.16207010480824674
1444,-0.16092846812054593
1445,-0.16082174639561822
1446,-0.16223314887771942
1447,-0.16210393280040503
1448,-0.16078817690589822
1449,-0.16243254263034265
1450,-0.16259402035228396
1451,-0.1628624059670416
1452,-0.1664492831104668
1453,-0.16500099492887674
1454,-0.16420804851155804
1455,-0.16355629425638382
1456,-0.1621943876353693
1457,-0.1620445095669327
1458,-0.16068348349938433
1459,-0.16130247027120154
1460,-0.1606272680848042
1461,-0.16119662419538808
1462,-0.1615113107090202
1463,-0.16060965909619918
1464,-0.1600761003396713
1465,-0.16174681082449893
1466,-0.16042557501251445
1467,-0.16072687306794783
1468,-0.16003213036253347
1469,-0.1600119511729227
1470,-0.15923962387856982
1471,-0.1578522309959346
1472,-0.15811719177609576
1473,-0.1569272858468625
1474,-0.15734565557483976
1475,-0.15616880911469577
1476,-0.15502324233000156
1477,-0.15464457407904003
1478,-0.15351877325292757
1479,-0.15570212441815687
1480,-0.15554884142826622
1481,-0.15683603680674774
1482,-0.15853830077980396
1483,-0.1585335355850162
1484,-0.1591259231978637
1485,-0.15922919574174194
1486,-0.15866835622625586
1487,-0.15867049459325777
1488,-0.15823936685632348
1489,-0.15799817652157075
1490,-0.15667509268939403
1491,-0.15553284509858561
1492,-0.1567146595468994
1493,-0.15602349026074308
1494,-0.15586288394102676
1495,-0.15577314912920293
1496,-0.15572385240670109
1497,-0.15452121245893777
1498,-0.1590546505946067
1499,-0.15933169923726306
1500,-0.16534190735582435
1501,-0.16441087171099078
1502,-0.16562169525258563
1503,-0.1683681159771195
1504,-0.16818907501288308
1505,-0.16705334087587873
1506,-0.16579983230333295
1507,-0.16513429543903232
1508,-0.1673361181199719
1509,-0.16832488044711938
1510,-0.16747582978005968
1511,-0.16686308205579442
1512,-0.1666668751281535
1513,-0.16623241212032822
1514,-0.1658655041365783
1515,-0.16480102260184482
1516,-0.1652439795571836
1517,-0.16546768654714222
1518,-0.16685259128447666
1519,-0.1666236378752376
1520,-0.1658630846989521
1521,-0.164942645356945
1522,-0.16485989278266758
1523,-0.16614925272111622
1524,-0.167234363613919
1525,-0.167901354205805
1526,-0.16778398682797263
1527,-0.17093143597982705
1528,-0.16994442214611458
1529,-0.17302467623395307
1530,-0.17349366280032158
1531,-0.17622937093868507
1532,-0.1766854826618411
1533,-0.175287479612406
1534,-0.17455102713585172
1535,-0.17456815024913863
1536,-0.1738539346166182
1537,-0.17268057101758613
1538,-0.17252050043139291
1539,-0.17534240807481183
1540,-0.17545249568811674
1541,-0.17566791222662198
1542,-0.1747241809754175
1543,-0.1747088074544722
1544,-0.1738951965301174
1545,-0.17255599786322412
1546,-0.17278671149360758
1547,-0.17212050023502148
1548,-0.17414933837043198
1549,-0.17366770603428164
1550,-0.17273162707870937
1551,-0.17197066792152169
1552,-0.17092567547302873
1553,-0.17012662125841893
1554,-0.17042510383262596
1555,-0.17138305485653435
1556,-0.17264085684258673
1557,-0.17272927165164678
1558,-0.1726330329645949
1559,-0.17161673644906797
1560,-0.1719583621549361
1561,-0.17144888801742428
1562,-0.1701137620502661
1563,-0.1687714449646209
1564,-0.16773082659050612
1565,-0.16762379026000798
1566,-0.16745751458855893
1567,-0.16688884278148006
1568,-0.16727260302823785
1569,-0.16654793100657653
1570,-0.16631076493557814
1571,-0.1651391898443971
1572,-0.1657667173464263
1573,-0.16657149262374174
1574,-0.1663680023619325
1575,-0.16515501864725082
1576,-0.16455559295827157
1577,-0.16466023304992325
1578,-0.1636988187087402
1579,-0.1624534216795359
1580,-0.16113534192180054
1581,-0.1648955434675365
1582,-0.16385344956746
1583,-0.16253732694976722
1584,-0.1613357635212689
1585,-0.16098116602902118
1586,-0.16205183800411152
1587,-0.16224707163864316
1588,-0.16355236478487284
1589,-0.16346732954548487
1590,-0.16296591896801435
1591,-0.1629015159385621
1592,-0.1642656312401003
1593,-0.1644311574644037
1594,-0.16430244246238776
1595,-0.16391886082088317
1596,-0.1632673790321802
1597,-0.16198238751048402
1598,-0.16262695948817593
1599,-0.16162093279886885
1600,-0.16205212739003177
1601,-0.1612098072296755
1602,-0.1617011511021091
1603,-0.16085091819630223
1604,-0.160945443046462
1605,-0.15996115344334952
1606,-0.15896790978176453
1607,-0.15812053064493978
1608,-0.166241897305525
1609,-0.16554702940821517
1610,-0.16575738150364275
1611,-0.16443462711199894
1612,-0.16355786611796932
1613,-0.16336610882687108
1614,-0.1675315560449365
1615,-0.16659515485542145
1616,-0.16554711088472415
1617,-0.16558596778188922
1618,-0.16530008956083111
1619,-0.1652121298488941
1620,-0.16443854876326083
1621,-0.16570864888748887
1622,-0.16548917099857846
1623,-0.1679332070967569
1624,-0.1666650423986335
1625,-0.1693428351573999
1626,-0.16875526133390728
1627,-0.1676700971680817
1628,-0.1681871281939758
1629,-0.1670018659128601
1630,-0.16721347220431854
1631,-0.16785157309916554
1632,-0.1765216088888946
1633,-0.1772435701948085
1634,-0.17632293127851598
1635,-0.17503885792120524
1636,-0.17893448085582014
1637,-0.1781921737499242
1638,-0.17710459203626247
1639,-0.1785266949630242
1640,-0.18054743065094508
1641,-0.18396570564773437
1642,-0.1845626544102865
1643,-0.18480674729865876
1644,-0.18422650014701758
1645,-0.18321892136381362
1646,-0.1821701001486544
1647,-0.1827799986429113
1648,-0.1852710264172451
1649,-0.1855858044095306
1650,-0.185323768819545
1651,-0.18434919414798373
1652,-0.18393542759236117
1653,-0.18575562442141264
1654,-0.1866517244542675
1655,-0.18544419532909734
1656,-0.18465136977431845
1657,-0.18408091018672826
1658,-0.1833945620685948
1659,-0.18427838604914534
1660,-0.1832426561928076
1661,-0.18350061250502198
1662,-0.18297950264472318
1663,-0.18298528117033264
1664,-0.18206394744563442
1665,-0.18273458192314287
1666,-0.18206669816486637
1667,-0.18200834032604385
1668,-0.18166045912110998
1669,-0.18155264996908507
1670,-0.18277965866479579
1671,-0.18361122210760314
1672,-0.1841261243146065
1673,-0.1885356391791729
1674,-0.1895409552941517
1675,-0.1899681752347941
1676,-0.18921882847069513
1677,-0.18811976995228474
1678,-0.18728589335085657
1679,-0.1873031164622574
1680,-0.18704418125835484
1681,-0.18591490827362564
1682,-0.18475938831882288
1683,-0.18506345809446956
1684,-0.184498911501133
1685,-0.1861671293050278
1686,-0.1860042575937454
1687,-0.1862081601533207
1688,-0.18488992098775034
1689,-0.18455336263772407
1690,-0.1840212601048924
1691,-0.18309936388377457
1692,-0.18701974779511363
1693,-0.18570018707659372
1694,-0.1856616162268515
1695,-0.18522104038781187
1696,-0.18657503103566794
1697,-0.18567844306211193
1698,-0.18725727235285158
1699,-0.18689582523614204
1700,-0.18786025986232266
1701,-0.18743580400402726
1702,-0.18648975328174608
1703,-0.1852945529460539
1704,-0.1843132995963724
1705,-0.1841284726967841
1706,-0.1840610098208844
1707,-0.18534816354649994
1708,-0.1843643028283704
1709,-0.18323797427216496
1710,-0.18245450882264896
1711,-0.18176203388506185
1712,-0.1815411758528331
1713,-0.18102356521845422
1714,-0.18041045806126788
1715,-0.18027157337193925
1716,-0.1808307985235904
1717,-0.18022155522054967
1718,-0.18028062921020538
1719,-0.17917131964510832
1720,-0.178760906790119
1721,-0.1791057358431081
1722,-0.17845911757878483
1723,-0.17867841428516784
1724,-0.17777980055526002
1725,-0.1771618275862945
1726,-0.176311374003322
1727,-0.17603097327925696
1728,-0.18055459166610324
1729,-0.18032655094207303
1730,-0.17926797098474523
1731,-0.18019175794026387
1732,-0.17995005408646322
1733,-0.1801224890447732
1734,-0.1793845357752934
1735,-0.17827605374378536
1736,-0.17877785244510933
1737,-0.17902123715476786
1738,-0.1783267779136112
1739,-0.17733384183097708
1740,-0.17813999471641295
1741,-0.17899657343755335
1742,-0.17849041525156112
1743,-0.17788895292564064
1744,-0.1766362300667041
1745,-0.17603500547062045
1746,-0.17699672020810445
1747,-0.17581870397319807
1748,-0.17550550976126808
1749,-0.1748760224947653
1750,-0.1756917411148563
1751,-0.17708011340502863
1752,-0.17590855408101255
1753,-0.1759432781170492
1754,-0.17515710509356905
1755,-0.1770203945594429
1756,-0.17606691495291488
1757,-0.17490705559804573
1758,-0.17383370325077174
1759,-0.17295940854738967
1760,-0.17199454123556726
1761,-0.1715192975511873
1762,-0.1715661342907139
1763,-0.1720823793745993
1764,-0.1715617566192691
1765,-0.1730363276543363
1766,-0.17234907497541976
1767,-0.17173214600030648
1768,-0.1727062083558794
1769,-0.17284929318449999
1770,-0.1751910259956666
1771,-0.17419830773626324
1772,-0.1746152093596993
1773,-0.17346366625492296
1774,-0.17262050016849403
1775,-0.1727056778609327
1776,-0.17297098122758003
1777,-0.17266719035268002
1778,-0.1716622743286227
1779,-0.17119152893379902
1780,-0.17223406590869256
1781,-0.17140217776162528
1782,-0.17099156167539753
1783,-0.17444789194581758
1784,-0.1787668416226464
1785,-0.1776785119230807
1786,-0.17680153403555807
1787,-0.17628317208883332
1788,-0.17604588360765758
1789,-0.17615969138998874
1790,-0.17514169555800724
1791,-0.17540224459224626
1792,-0.17612360981448408
1793,-0.1755254141192508
1794,-0.1746892634325069
1795,-0.17468440322522838
1796,-0.17428381310815497
1797,-0.17595321813472842
1798,-0.17499808026848862
1799,-0.17643004207879773
1800,-0.1754927070159274
1801,-0.17487210729638883
1802,-0.17699290773608325
1803,-0.17675127559062115
1804,-0.17715649157551333
1805,-0.1759880604327463
1806,-0.1750867914680143
1807,-0.17567531484933968
1808,-0.17445089155325813
1809,-0.17370413872900947
1810,-0.17323934486895054
1811,-0.1742626545634276
1812,-0.1732102792686068
1813,-0.17252873113300676
1814,-0.17287239796843284
1815,-0.1717574765410033
1816,-0.1717529178857683
1817,-0.17198458271926634
1818,-0.17125628138896024
1819,-0.17341020973427376
1820,-0.1726261555430099
1821,-0.17363132067491405
1822,-0.17244987154902436
1823,-0.17156018018444008
1824,-0.17193916729375638
1825,-0.17152544855062174
1826,-0.17072294099795673
1827,-0.1706982917478707
1828,-0.1704367922557737
1829,-0.16928297210376336
1830,-0.16863016246920157
1831,-0.16873060619215385
1832,-0.17189853631495203
1833,-0.17103213859999442
1834,-0.17353091464404874
1835,-0.173348197287834
1836,-0.1753007586934827
1837,-0.17804774531523618
1838,-0.17855583219303575
1839,-0.17959562940244245
1840,-0.1786637714656947
1841,-0.1787969470305313
1842,-0.18073019381450633
1843,-0.18022596480692493
1844,-0.18183339357062378
1845,-0.1806672521948378
1846,-0.17962091167794111
1847,-0.17863181207231557
1848,-0.17861076507407003
1849,-0.18090994803711222
1850,-0.18200248646103426
1851,-0.1810767927537954
1852,-0.1806789244974991
1853,-0.1799448362253848
1854,-0.18374659360258802
1855,-0.18386564101868247
1856,-0.18292589105248278
1857,-0.18211969638719644
1858,-0.1857227559899791
1859,-0.18650960503507524
1860,-0.18620539638768768
1861,-0.1866462557349122
1862,-0.18618865671016174
1863,-0.18582454872425977
1864,-0.18603776034218064
1865,-0.18711746726966777
1866,-0.18626300180066613
1867,-0.18821758348702813
1868,-0.18744062380429044
1869,-0.18668080285266447
1870,-0.1876841838776096
1871,-0.18707860652248434
1872,-0.18606079671771128
1873,-0.1854827296095905
1874,-0.1863036462850466
1875,-0.18534411470579074
1876,-0.18548390100797701
1877,-0.1856261366436904
1878,-0.18568629257922314
1879,-0.18517774699046535
1880,-0.18480271529965314
1881,-0.18538375337945717
1882,-0.1852522964655537
1883,-0.18557885405843397
1884,-0.1847332651900888
1885,-0.18619988019991252
1886,-0.18512135531598453
1887,-0.18456138202321065
1888,-0.18360122135133852
1889,-0.18387796397061848
1890,-0.1830430884517163
1891,-0.1819176098449325
1892,-0.18098993510258074
1893,-0.18044295323893692
1894,-0.1814711684854877
1895,-0.18362607858609922
1896,-0.18409152327408979
1897,-0.18601192905539615
1898,-0.18759241960234066
1899,-0.18674313886514543
1900,-0.18591846307276833
1901,-0.1863086156354554
1902,-0.1859199252993417
1903,-0.18498666907582265
1904,-0.18432850121390895
1905,-0.18399588800235472
1906,-0.18287542591070535
1907,-0.18239320690625468
1908,-0.1815596995266395
1909,-0.18112102873443534
1910,-0.18045058349011361
1911,-0.17937591487191326
1912,-0.18047055269081472
1913,-0.18004627991892527
1914,-0.17973223341726577
1915,-0.17869424076678045
1916,-0.1795319975364097
1917,-0.17850195157998494
1918,-0.17924204530222232
1919,-0.178497438603568
1920,-0.17735473670985782
1921,-0.17858733589312437
1922,-0.1775524144917196
1923,-0.1766699062472634
1924,-0.17662968217085895
1925,-0.17652357232479823
1926,-0.17577963586561543
1927,-0.1760647291105854
1928,-0.17500311431554472
1929,-0.17508526661465676
1930,-0.1740877643310773
1931,-0.1736670370803442
1932,-0.17344318055510297
1933,-0.17281003870051087
1934,-0.17198564401392477
1935,-0.17126462217725638
1936,-0.17248203579145274
1937,-0.1732869431435107
1938,-0.17385418472041117
1939,-0.17563166872173283
1940,-0.17559267713641422
1941,-0.17703537257873778
1942,-0.17602315853281303
1943,-0.1748947217567071
1944,-0.17480119668353217
1945,-0.1750630516502625
1946,-0.17876028793630602
1947,-0.1787931068330836
1948,-0.1780863115172171
1949,-0.17714422859120624
1950,-0.17684890985920654
1951,-0.17587275883138873
1952,-0.176494681758763
1953,-0.1799320478336725
1954,-0.1798099833503088
1955,-0.17942581512911282
1956,-0.17907248861387284
1957,-0.17842109340332454
1958,-0.17829964547129526
1959,-0.17820879201583073
1960,-0.17749856554131963
1961,-0.17741704283677004
1962,-0.1774698810708317
1963,-0.17679924386416054
1964,-0.17654314708050972
1965,-0.17945371201850352
1966,-0.17836502528808196
1967,-0.17773227538641664
1968,-0.17726458455280678
1969,-0.1796274610172475
1970,-0.17854324589111492
1971,-0.17804902768139683
1972,-0.1770941398159618
1973,-0.1772397253123641
1974,-0.17779907521631447
1975,-0.17797598814091461
1976,-0.17721699162155338
1977,-0.17842195101586064
1978,-0.17818715590273368
1979,-0.17719523644648405
1980,-0.17635841832046267
1981,-0.17553420054389526
1982,-0.17529022204553915
1983,-0.17612553976923104
1984,-0.17562064547066195
1985,-0.17588906008509775
1986,-0.1760108159590333
1987,-0.17525629584518498
1988,-0.17615123180644257
1989,-0.17515848395557473
1990,-0.17850113160954967
1991,-0.17772128138117868
1992,-0.17665304145843164
1993,-0.175686206323739
1994,-0.17538196584496663
1995,-0.17456276907843463
1996,-0.17452707056988856
1997,-0.17381137940255512
1998,-0.17289510714656547
1999,-0.1744005204930962
2000,-0.17373457619244556
2001,-0.1735311565811987
2002,-0.17263905188768994
2003,-0.17247762100707906
2004,-0.1740126319593202
2005,-0.1773837377024574
2006,-0.17631411216963766
2007,-0.1752947005254128
2008,-0.17531581023037754
2009,-0.17508260395429828
2010,-0.17498022228680693
2011,-0.17527441737646296
2012,-0.1756669813597604
2013,-0.17664337241225633
2014,-0.1756565048359586
2015,-0.1750144412442864
2016,-0.18076673045092542
2017,-0.1808750897069186
2018,-0.18022531967120062
2019,-0.18746749311235314
2020,-0.187914191590583
2021,-0.19134859023253997
2022,-0.19091255571259697
2023,-0.18992606607763746
2024,-0.1904204057629914
2025,-0.19024130923976473
2026,-0.1923678541893781
2027,-0.1916395776741894
2028,-0.1910388076259837
2029,-0.19200551354220904
2030,-0.1917822721620029
2031,-0.19140434547132554
2032,-0.19127136433643158
2033,-0.1931471735832519
2034,-0.1954234644145101
2035,-0.19434275219769068
2036,-0.19393641287052749
2037,-0.19354488766189318
2038,-0.19287800587219292
2039,-0.19198010357257606
2040,-0.191090841679505
2041,-0.1964006810985792
2042,-0.19563438685131562
2043,-0.1948626907576936
2044,-0.19478437091075307
2045,-0.1943180492283763
2046,-0.19374039765281617
2047,-0.1931322589071518
2048,-0.19234634057434077
2049,-0.1912328916858076
2050,-0.19246432854017528
2051,-0.1936740134523921
2052,-0.19261904430512455
2053,-0.19337094163834967
2054,-0.1922343418588879
2055,-0.19182552963354146
2056,-0.1917640958635548
2057,-0.1919920758718644
2058,-0.19120775742879004
2059,-0.19340431704210792
2060,-0.1922972422173666
2061,-0.19193267636545577
2062,-0.1918707762999231
2063,-0.19075234848696762
2064,-0.18996139414365176
2065,-0.1898946498446242
2066,-0.19235417776489241
2067,-0.1917831058989619
2068,-0.19107615995076527
2069,-0.19055950772635294
2070,-0.19151014007891867
2071,-0.19063787551303976
2072,-0.1899687430824924
2073,-0.19058614040110367
2074,-0.1904076783752138
2075,-0.18974808510192354
2076,-0.18955651867600604
2077,-0.18863071486313296
2078,-0.19037248156292255
2079,-0.1906137033698512
2080,-0.1899605572048541
2081,-0.18925968935776658
2082,-0.18830005258841426
2083,-0.18815383505093425
2084,-0.18714348066667671
2085,-0.1869042071789375
2086,-0.1883484541709999
2087,-0.18747826055070022
2088,-0.18710757899463573
2089,-0.1872704049463757
2090,-0.18735351159447702
2091,-0.18631364953418306
2092,-0.18844725804206947
2093,-0.18766396742312316
2094,-0.18682278145486758
2095,-0.1858813026612932
2096,-0.1852930030447772
2097,-0.18593958196867344
2098,-0.19036571442329112
2099,-0.19104214292540736
2100,-0.19108480651234677
2101,-0.19222160446782002
2102,-0.1918188988254015
2103,-0.19117830705671593
2104,-0.191353971651029
2105,-0.19042634325918356
2106,-0.18942011677390289
2107,-0.189312999488162
2108,-0.19061205452363508
2109,-0.1895342709346985
2110,-0.18871420881480777
2111,-0.18814119990445582
2112,-0.1873490342921774
2113,-0.18749887759278733
2114,-0.1864636820713062
2115,-0.18579903634399544
2116,-0.1851926334393473
2117,-0.18454788857466578
2118,-0.18353165577903216
2119,-0.18355273557342705
2120,-0.18300909283656588
2121,-0.18273502622430104
2122,-0.1821203716708384
2123,-0.1815722237753183
2124,-0.180549369170675
2125,-0.17957604208818229
2126,-0.178640933686349
2127,-0.17834832578094378
2128,-0.1778490427832026
2129,-0.17704410529710565
2130,-0.17825308721191277
2131,-0.17940634881883014
2132,-0.17838355362214542
2133,-0.17886887324967274
2134,-0.17926154588160925
2135,-0.17923190675525943
2136,-0.1782465455821462
2137,-0.17806121200868746
2138,-0.18005849645439095
2139,-0.17905444139233545
2140,-0.17863242664193235
2141,-0.17757523848693224
2142,-0.1769193099147544
2143,-0.1762950616159702
2144,-0.1758891385905647
2145,-0.17493370047042558
2146,-0.17720320189583336
2147,-0.1791934867066974
2148,-0.18069077938383366
2149,-0.17997896005894864
2150,-0.17986191207487073
2151,-0.1791431584555017
2152,-0.17911170197615772
2153,-0.1781800693626827
2154,-0.17750361353917055
2155,-0.17868300329227538
2156,-0.17814283445551218
2157,-0.17710489948435623
2158,-0.17612430326487022
2159,-0.17597729152406158
2160,-0.17604603691715423
2161,-0.17917939100247893
2162,-0.17932703803587738
2163,-0.1789105649757486
2164,-0.17929283315952607
2165,-0.1789542693476311
2166,-0.1786133167082889
2167,-0.17930941759876654
2168,-0.1816674365577351
2169,-0.18209856192347532
2170,-0.1822186456087549
2171,-0.18211206882083403
2172,-0.18108817518520332
2173,-0.1821919631073809
2174,-0.1833971003249579
2175,-0.18443803973217818
2176,-0.18402970438743194
2177,-0.18392152332774442
2178,-0.18337005124678593
2179,-0.18345198145390382
2180,-0.1830851270591232
2181,-0.18355644369065582
2182,-0.1861892539745358
2183,-0.18748379829833617
2184,-0.18801014020109438
2185,-0.1871387303612278
2186,-0.18620011884824772
2187,-0.18724525918780963
2188,-0.18715486450521873
2189,-0.18613548015258602
2190,-0.18519499656665925
2191,-0.18818056995522858
2192,-0.18898919349153515
2193,-0.18853824627341792
2194,-0.19137224486056548
2195,-0.19401901416696
2196,-0.19332872612715238
2197,-0.1928948026382796
2198,-0.1922816564281082
2199,-0.19336737031576481
2200,-0.19398471140223503
2201,-0.19319714091757043
2202,-0.19275512097157635
2203,-0.19380658666989595
2204,-0.19376703631119824
2205,-0.19737031689903595
2206,-0.1972584150055393
2207,-0.19810683231748694
2208,-0.1981440025319202
2209,-0.20016323324067778
2210,-0.20191184032815823
2211,-0.2011854207589247
2212,-0.2030895692672192
2213,-0.20222359201480633
2214,-0.2017716063408161
2215,-0.20127164312511847
2216,-0.2005711144442456
2217,-0.20063221667955164
2218,-0.1997655615620584
2219,-0.19893894809286183
2220,-0.200912420451318
2221,-0.20032829917032316
2222,-0.19986240370911715
2223,-0.2005516571181938
2224,-0.19948284516116066
2225,-0.20023045873472317
2226,-0.20004385160360433
2227,-0.19975355857951116
2228,-0.19892113697214486
2229,-0.1981401390318325
2230,-0.19809425526450775
2231,-0.1976929084821984
2232,-0.19683305924796038
2233,-0.19682227992055146
2234,-0.19610977583019565
2235,-0.19701973281107832
2236,-0.19647438537760442
2237,-0.19593064239800603
2238,-0.19591172084513803
2239,-0.19508288099970647
2240,-0.19528141227778661
2241,-0.19691691455791702
2242,-0.19595252477914807
2243,-0.19525782381477252
2244,-0.19434938544934457
2245,-0.19348165454019592
2246,-0.19251394837895253
2247,-0.19400169700726047
2248,-0.19368035987584867
2249,-0.19282276686688887
2250,-0.1923201276398126
2251,-0.1950081022296847
2252,-0.19491654183523116
2253,-0.19476696938032043
2254,-0.19686051638150198
2255,-0.1961010983188371
2256,-0.19626011638387758
2257,-0.19531791322224473
2258,-0.19682846399101273
2259,-0.19766030784575275
2260,-0.1973845309378769
2261,-0.19635428982540015
2262,-0.19698407762897988
2263,-0.19612114778907644
2264,-0.19711910238368485
2265,-0.1960875310686856
2266,-0.19538173021173724
2267,-0.1946235924091838
2268,-0.19377788015590816
2269,-0.19335474870345384
2270,-0.19244060918229017
2271,-0.1914274187756801
2272,-0.19095844211159274
2273,-0.19111822346645316
2274,-0.1900763247314998
2275,-0.18995239747895712
2276,-0.18963030423718677
2277,-0.1885994840302228
2278,-0.19053402864563815
2279,-0.18962099832958468
2280,-0.19047597995686832
2281,-0.19347947695516063
2282,-0.19286413129414295
2283,-0.1922818419505242
2284,-0.19151660147489072
2285,-0.19077857967463357
2286,-0.19043959153448228
2287,-0.19128533966992117
2288,-0.19047519904295068
2289,-0.189826520228464
2290,-0.1895494095202922
2291,-0.1885254954899493
2292,-0.18796668286533627
2293,-0.18839666148596226
2294,-0.18914799758568873
2295,-0.18920327029163192
2296,-0.18902216863995341
2297,-0.18873417427953426
2298,-0.18799410075989115
2299,-0.1876528643747626
2300,-0.18674686374574065
2301,-0.1861569607515533
2302,-0.18774373539347894
2303,-0.1869388342813505
2304,-0.18783683987889085
2305,-0.18732397743224163
2306,-0.18822869881983126
2307,-0.1875325408847038
2308,-0.18821738580055897
2309,-0.18945341190142365
2310,-0.18852891935586447
2311,-0.187543231611139
2312,-0.186998771194935
2313,-0.18783656599549056
2314,-0.1869406692903234
2315,-0.18644434148215946
2316,-0.18759184552157293
2317,-0.1871181415571582
2318,-0.1865443961477644
2319,-0.18627059513771324
2320,-0.18586623221749132
2321,-0.18521547395828847
2322,-0.18570783948376265
2323,-0.18502295704257787
2324,-0.18582366648937942
2325,-0.18498280926069208
2326,-0.18495239972314037
2327,-0.18552456977215723
2328,-0.18462712350420996
2329,-0.1851771645804431
2330,-0.18431964822158164
2331,-0.1855431027345363
2332,-0.18839807817369086
2333,-0.18748583880820557
2334,-0.18797275135378513
2335,-0.1871949269790899
2336,-0.18625798107700456
2337,-0.18548810366990523
2338,-0.18564754089792132
2339,-0.1858303021681655
2340,-0.1848947388435788
2341,-0.18487694507362293
2342,-0.1845382209103677
2343,-0.18400851874300594
2344,-0.18404879832582635
2345,-0.18560950502742343
2346,-0.18492384858409547
2347,-0.1846471822123364
2348,-0.18510533284342814
2349,-0.18621191230386702
2350,-0.1862004848368312
2351,-0.18623626803048596
2352,-0.1871965742503437
2353,-0.18633970376471343
2354,-0.18541446076865534
2355,-0.18741699600555195
2356,-0.1868374612812981
2357,-0.18729369175393482
2358,-0.18697548941587944
2359,-0.18726237643498286
2360,-0.1880143906161851
2361,-0.18736866220840367
2362,-0.18709544909524556
2363,-0.18620766374177847
2364,-0.18638745983212335
2365,-0.1856198125387335
2366,-0.1856952928765611
2367,-0.1850828356760969
2368,-0.18433338406930394
2369,-0.18486073417705126
2370,-0.18422570644118083
2371,-0.1846077049195765
2372,-0.18507395396789678
2373,-0.18491513298155798
2374,-0.18604397598128833
2375,-0.1859336410232162
2376,-0.18496870438089663
2377,-0.18404705716850567
2378,-0.1852742127029685
2379,-0.18575048584961748
2380,-0.18602319336143827
2381,-0.18507745514932186
2382,-0.1852366999690354
2383,-0.18562086649036566
2384,-0.18537817129699471
2385,-0.18475202952654102
2386,-0.18514793209270392
2387,-0.18452573123866262
2388,-0.18389674644941903
2389,-0.18561801774887995
2390,-0.18704546623480275
2391,-0.18623172114998984
2392,-0.18612448734134526
2393,-0.18567022956054116
2394,-0.1849180717518173
2395,-0.18477154718126199
2396,-0.18378683819864414
2397,-0.18313660803801607
2398,-0.18226827593714545
2399,-0.1824356248896005
2400,-0.18282401809509263
2401,-0.18382716881668223
2402,-0.18353969463871436
2403,-0.18390389586314512
2404,-0.18684939966909717
2405,-0.18589705548124175
2406,-0.18501950096190553
2407,-0.18509440934043178
2408,-0.18646878476230772
2409,-0.18715454493806194
2410,-0.1862334753060343
2411,-0.18585886473031987
2412,-0.1853859324523804
2413,-0.18503253945419978
2414,-0.18432318341751616
2415,-0.18522248496491023
2416,-0.1854432201061259
2417,-0.1863577577310858
2418,-0.18563328547862204
2419,-0.18516168850061857
2420,-0.18467829141896072
2421,-0.1837495872942371
2422,-0.18338391917473243
2423,-0.1836198875216123
2424,-0.18273452383460714
2425,-0.18184810391893355
2426,-0.18129854852514785
2427,-0.18079007333233316
2428,-0.17995158657258734
2429,-0.18012730946747427
2430,-0.18045780581387266
2431,-0.1809666272230162
2432,-0.18280203251641827
2433,-0.18268499238827732
2434,-0.18186168043323359
2435,-0.18102441773301284
2436,-0.18226224808189523
2437,-0.1822312343020886
2438,-0.18170385643225756
2439,-0.1811054536252208
2440,-0.18119681161788914
2441,-0.1810139910411204
2442,-0.18061366241624613
2443,-0.18271460007571094
2444,-0.182123041308523
2445,-0.18158050465310166
2446,-0.18235719416959575
2447,-0.18220911731230957
2448,-0.1847832742713248
2449,-0.18401659995531902
2450,-0.1844100177398078
2451,-0.18476000676138638
2452,-0.18452576485595076
2453,-0.18719632674444986
2454,-0.1867540213578086
2455,-0.1868053290283381
2456,-0.1860996216231742
2457,-0.186592796861541
2458,-0.18578720846198135
2459,-0.18521621551635778
2460,-0.18475905885103613
2461,-0.1848453906411718
2462,-0.18849211664429197
2463,-0.1884037944668839
2464,-0.18812662138621739
2465,-0.1894149434659557
2466,-0.18923393948909548
2467,-0.1887240702812176
2468,-0.18785859434130256
2469,-0.18728062287602362
2470,-0.1872228074582284
2471,-0.18724719089225644
2472,-0.18729096419408012
2473,-0.1866217631577943
2474,-0.18620289275254645
2475,-0.18527975052969897
2476,-0.1861712921051527
2477,-0.18628683275965635
2478,-0.1854306411091848
2479,-0.18560010208051073
2480,-0.18635046616039747
2481,-0.1856194779919418
2482,-0.18659869996081
2483,-0.1864076142360513
2484,-0.18656922295362868
2485,-0.185817024982392
2486,-0.18493387452059512
2487,-0.18557008095824917
2488,-0.18492080893891447
2489,-0.18398258263552045
2490,-0.18428326319130453
2491,-0.18336210346607948
2492,-0.1827892511493178
2493,-0.182685640060583
2494,-0.18297777847062655
2495,-0.18298592388447016
2496,-0.18219156395479952
2497,-0.18254471812812936
2498,-0.18221299468677352
2499,-0.18173611144648047
2500,-0.18146647400124552
2501,-0.18293455503543293
2502,-0.18263031097062624
2503,-0.1827509795402595
2504,-0.18249212095940978
2505,-0.18262783114281508
2506,-0.18195249248823037
2507,-0.18120016213308837
2508,-0.18102357580549927
2509,-0.18030340806976491
2510,-0.17976693675842328
2511,-0.1806704966543762
2512,-0.18075249067466206
2513,-0.18024791145711164
2514,-0.18374863443059328
2515,-0.18288849393286521
2516,-0.18268174610620574
2517,-0.1825476342769164
2518,-0.18249255359696984
2519,-0.1828893228296604
2520,-0.18198673296939297
2521,-0.18115993611655068
2522,-0.1803009761623662
2523,-0.1830478276821745
2524,-0.1830281464944241
2525,-0.18230760725730188
2526,-0.18160652737487054
2527,-0.18077529974392387
2528,-0.1799988414354209
2529,-0.17916313324695976
2530,-0.17947483605199385
2531,-0.1800780342478193
2532,-0.1822321125788232
2533,-0.18146112739522932
2534,-0.18211725845855747
2535,-0.1816493251767737
2536,-0.18120588939607313
2537,-0.181281219386779
2538,-0.18064105411172499
2539,-0.18016029694117838
2540,-0.17978447170394357
2541,-0.18134755086741802
2542,-0.18058533089566053
2543,-0.17968320592197165
2544,-0.18091767128836048
2545,-0.18010713889915717
2546,-0.18272632304742575
2547,-0.18237524953123946
2548,-0.1815578784996335
2549,-0.18180408449156757
2550,-0.18253065320886833
2551,-0.18188073084029704
2552,-0.18196218783679313
2553,-0.18176521854403313
2554,-0.18395383514006086
2555,-0.18333550502804183
2556,-0.18302281525872754
2557,-0.18262040488944886
2558,-0.1857825629188994
2559,-0.18624113933158765
2560,-0.18748333211521082
2561,-0.18718981760744804
2562,-0.18627872720612043
2563,-0.18649679210675182
2564,-0.18631056868933804
2565,-0.18550352546448085
2566,-0.18560642074912267
2567,-0.18660133451546843
2568,-0.18863083773881062
2569,-0.18775619742222027
2570,-0.1870006797696554
2571,-0.18641319855148553
2572,-0.1866919720898428
2573,-0.18654539693071215
2574,-0.1869862734561272
2575,-0.18654040526036392
2576,-0.1881643375839905
2577,-0.1875424481992705
2578,-0.18661968833892917
2579,-0.1885745013379579
2580,-0.18824818921391043
2581,-0.18833059537944652
2582,-0.18783882148536632
2583,-0.18784933032098888
2584,-0.18700807824634677
2585,-0.18663644977126131
2586,-0.188213058655491
2587,-0.18764921327351192
2588,-0.18716076193803757
2589,-0.18762155142431403
2590,-0.18721884332170807
2591,-0.18648866781180432
2592,-0.18818313944980375
2593,-0.18730368865734306
2594,-0.18743691964008888
2595,-0.1873064052351717
2596,-0.18645412861174865
2597,-0.18640659921098923
2598,-0.1863749047109906
2599,-0.18548954467282347
2600,-0.1871054207598522
2601,-0.1875131288416602
2602,-0.18751932745038247
2603,-0.18679077640057484
2604,-0.18710737164798596
2605,-0.18723787977808037
2606,-0.187978471039077
2607,-0.18772090715185685
2608,-0.18750549611457812
2609,-0.18661747250858535
2610,-0.18595913034219586
2611,-0.185135877663809
2612,-0.18426830607417785
2613,-0.1842177162112293
2614,-0.18385777686173643
2615,-0.18410694583899592
2616,-0.18648033620089216
2617,-0.1864168293729807
2618,-0.18556561687409007
2619,-0.1850499731579546
2620,-0.18747505577961185
2621,-0.18827867287393693
2622,-0.19001355036384898
2623,-0.18934030356243922
2624,-0.1892055780835921
2625,-0.18849972439475637
2626,-0.18788004288413057
2627,-0.189349604544123
2628,-0.18863284168984865
2629,-0.187848204894614
2630,-0.1883795072605671
2631,-0.1882941629265621
2632,-0.19053598898360025
2633,-0.1898358939132115
2634,-0.19106657105643352
2635,-0.1934323490020067
2636,-0.1928192061090172
2637,-0.1920177315601347
2638,-0.19153663874779153
2639,-0.1915839702153338
2640,-0.19125929301229413
2641,-0.19129467621882565
2642,-0.19070470277725318
2643,-0.19094567038097934
2644,-0.19112194080750222
2645,-0.19412199712155567
2646,-0.1944066788280629
2647,-0.1935004154249409
2648,-0.19377656885479572
2649,-0.19397114346107477
2650,-0.19336504601941093
2651,-0.19361040354088566
2652,-0.1939862134514602
2653,-0.19443339607295668
2654,-0.19445021558519407
2655,-0.19611386766930913
2656,-0.1973311563132307
2657,-0.19645403131528283
2658,-0.19636326930340267
2659,-0.19564012459406913
2660,-0.19512169016711506
2661,-0.1947167427292515
2662,-0.1945382653454349
2663,-0.19542619853761314
2664,-0.19571326879843903
2665,-0.19483374048494653
2666,-0.1954574236208724
2667,-0.19558682556053
2668,-0.19489320207070013
2669,-0.19448314428093408
2670,-0.19385565947609312
2671,-0.19301115734104646
2672,-0.19232052666683389
2673,-0.19212519587018148
2674,-0.19280854423064045
2675,-0.1935505472294814
2676,-0.19310816444132028
2677,-0.19234993465003852
2678,-0.19449174566717914
2679,-0.19404971811101213
2680,-0.1933244803441932
2681,-0.19279527053256504
2682,-0.19194095897388014
2683,-0.19173371165069278
2684,-0.19084931399327945
2685,-0.19059109614784098
2686,-0.19054224357763633
2687,-0.1909884796384636
2688,-0.192819366574564
2689,-0.1957046648419498
2690,-0.19546584489612648
2691,-0.19461519788108259
2692,-0.1957422754403204
2693,-0.1955121607200181
2694,-0.1953585752711858
2695,-0.1944618573309223
2696,-0.19405388822382955
2697,-0.19340057155969365
2698,-0.19268064518312525
2699,-0.19380770986167686
2700,-0.19336648944438356
2701,-0.19259799314510587
2702,-0.19314331101615986
2703,-0.19234031097341484
2704,-0.19170087360247345
2705,-0.19126301069346627
2706,-0.1916924866547537
2707,-0.19136296761816832
2708,-0.19077589985318402
2709,-0.19305530898920534
2710,-0.19231719877413722
2711,-0.19237435139513115
2712,-0.19177263337935
2713,-0.1909261905203256
2714,-0.1900873686459391
2715,-0.18982046628106153
2716,-0.1897937196965261
2717,-0.19074471273638446
2718,-0.19043682821602603
2719,-0.18984952863498458
2720,-0.19002270456192605
2721,-0.18943067879079417
2722,-0.18858346038271184
2723,-0.19066479498625039
2724,-0.18996817058417276
2725,-0.18932670977014812
2726,-0.18868669251403725
2727,-0.19161788576768066
2728,-0.19121112646586888
2729,-0.19079524030583583
2730,-0.19019842041861287
2731,-0.19048833900283937
2732,-0.19088421793211371
2733,-0.19058983098811894
2734,-0.19227265276088593
2735,-0.1925147068199412
2736,-0.1921088997856026
2737,-0.19257632970761532
2738,-0.19190014906002137
2739,-0.19155691738240202
2740,-0.1944892838146386
2741,-0.19369767163666088
2742,-0.19383985456826455
2743,-0.1935161862925631
2744,-0.19269184801118996
2745,-0.19246151520565147
2746,-0.19326055262876546
2747,-0.19490014980451104
2748,-0.1950180158483578
2749,-0.19450879804118043
2750,-0.19427409748732904
2751,-0.19386420013818853
2752,-0.19306681874405818
2753,-0.19223000129027046
2754,-0.19236663502031648
2755,-0.1917212353751503
2756,-0.1920443367448487
2757,-0.19120059946469906
2758,-0.19083247575516188
2759,-0.19021447231662705
2760,-0.1895872809767345
2761,-0.18881190251659463
2762,-0.18907293205632278
2763,-0.19083326619976332
2764,-0.19036969999129907
2765,-0.19013203505025178
2766,-0.19023772673223585
2767,-0.1927860578940629
2768,-0.19377004923483865
2769,-0.19339196657721247
2770,-0.1925002630703428
2771,-0.19227935001173357
2772,-0.19183393988260583
2773,-0.19141930133177254
2774,-0.1949169675775126
2775,-0.19489647281357664
2776,-0.1944092222457498
2777,-0.1938374086655611
2778,-0.1932205126492313
2779,-0.19250814947211786
2780,-0.1934163481812799
2781,-0.1926496449588831
2782,-0.19230366711267532
2783,-0.19215722560269832
2784,-0.19276990057211174
2785,-0.19331410382756042
2786,-0.19255991783072107
2787,-0.1919962862731655
2788,-0.19172532886090793
2789,-0.19215722905865673
2790,-0.19272113248762895
2791,-0.1922677824022715
2792,-0.19326854058811932
2793,-0.1941947236786401
2794,-0.193698976672309
2795,-0.19419000287930227
2796,-0.19436302948090606
2797,-0.19439142408183707
2798,-0.19389716938337676
2799,-0.19359525645799508
2800,-0.19750193690542822
2801,-0.19787617903592397
2802,-0.19749763869276954
2803,-0.19759698159421507
2804,-0.19879270335618693
2805,-0.19807410219668098
2806,-0.1972724079927901
2807,-0.19752761994024237
2808,-0.1967987612782633
2809,-0.19766558065843276
2810,-0.19690694917502305
2811,-0.1978477277572923
2812,-0.19710965406484876
2813,-0.19699017742192654
2814,-0.19653102332604105
2815,-0.19570255383890345
2816,-0.19484887498323267
2817,-0.19472964707125678
2818,-0.1940660739734827
2819,-0.19346716229023136
2820,-0.1939961979536199
2821,-0.19392071047839493
2822,-0.1934706432018169
2823,-0.19263376920853337
2824,-0.19220809402954725
2825,-0.19191678579953186
2826,-0.19116057669080316
2827,-0.19074980016197712
2828,-0.19075298991122125
2829,-0.19004628421038194
2830,-0.19164032349409849
2831,-0.19076888744611803
2832,-0.1919687897255964
2833,-0.19318927882273101
2834,-0.19339376315404427
2835,-0.19268964985748427
2836,-0.1925228056924655
2837,-0.192143715015765
2838,-0.19248020747777528
2839,-0.19169954315175125
2840,-0.19136608829110374
2841,-0.19057482804764048
2842,-0.18973966292733063
2843,-0.18954608572971338
2844,-0.18890417723108127
2845,-0.18818322595478204
2846,-0.1886080353329292
2847,-0.18874955555865813
2848,-0.18789729770686614
2849,-0.1871001379359477
2850,-0.18653905407805582
2851,-0.18701745041980683
2852,-0.18640815979344943
2853,-0.18735605362141616
2854,-0.1881039314609329
2855,-0.1880368761461435
2856,-0.1883483426194944
2857,-0.1908235123559356
2858,-0.190063794290875
2859,-0.19099718312802427
2860,-0.19098590281409644
2861,-0.19046915388949776
2862,-0.1931663883525051
2863,-0.19343023677667298
2864,-0.19346618393855325
2865,-0.19298449152241381
2866,-0.19215451178271914
2867,-0.19257182688454721
2868,-0.19192948683366112
2869,-0.19193796193742108
2870,-0.19164790076698202
2871,-0.1908162487085544
2872,-0.19396676853414568
2873,-0.1935563457772479
2874,-0.19273055014609858
2875,-0.1924552634103408
2876,-0.19186658443941035
2877,-0.19171593948058524
2878,-0.195758266485421
2879,-0.1951021091186912
2880,-0.19433138915007714
2881,-0.1940288546055532
2882,-0.19528969352497266
2883,-0.19745300237748786
2884,-0.19923694144636078
2885,-0.19957270990595977
2886,-0.2011304390557394
2887,-0.2005452321215565
2888,-0.20001719784092042
2889,-0.20011152296617235
2890,-0.20258370753699262
2891,-0.20220363863268648
2892,-0.20287476062040677
2893,-0.20326329038382868
2894,-0.2030541552815242
2895,-0.20273701946742567
2896,-0.20338753850936264
2897,-0.20609253281995282
2898,-0.205467735974246
2899,-0.205089846293875
2900,-0.20434166254534486
2901,-0.2038511197138348
2902,-0.20439102981613555
2903,-0.20559170970042956
2904,-0.20521903161272148
2905,-0.20473019567052825
2906,-0.2050281551416407
2907,-0.20437982914272368
2908,-0.20490524007927452
2909,-0.20450045543265083
2910,-0.20413627689364905
2911,-0.2037461700355449
2912,-0.20852744247304655
2913,-0.20791609739276318
2914,-0.210246205479882
2915,-0.20985680661025802
2916,-0.21072935197443798
2917,-0.2102818912481797
2918,-0.20954190871618456
2919,-0.20870277496500955
2920,-0.20886295135421146
2921,-0.2081760081333821
2922,-0.2075991500262812
2923,-0.20672053740908902
2924,-0.20601894443141694
2925,-0.2065189579072007
2926,-0.20602318091163496
2927,-0.20524335945037842
2928,-0.20533825481064732
2929,-0.20542755012287817
2930,-0.20636698226911787
2931,-0.20691730866912772
2932,-0.20708697903643442
2933,-0.20682014563030837
2934,-0.20619883812458295
2935,-0.2069278351031093
2936,-0.2062904248060668
2937,-0.20763471465634714
2938,-0.20822428834595152
2939,-0.20779490000194611
2940,-0.20695077663162348
2941,-0.20770301102263566
2942,-0.20876222678235717
2943,-0.20794185435248502
2944,-0.20758507180968022
2945,-0.20884301252132864
2946,-0.21030983011798243
2947,-0.21196950080967947
2948,-0.2112763334008454
2949,-0.21186304006863133
2950,-0.21214844818071116
2951,-0.21140738629081757
2952,-0.2121634514609787
2953,-0.21422940826133402
2954,-0.21420291378803225
2955,-0.21385564356903752
2956,-0.21466234763490538
2957,-0.21585868551451332
2958,-0.2166451751683673
2959,-0.21590133876197193
2960,-0.21630378680480222
2961,-0.2162344683468188
2962,-0.2158486117260916
2963,-0.2155811239517258
2964,-0.21578349742986364
2965,-0.2159592863145839
2966,-0.21527394373005
2967,-0.21453235395267384
2968,-0.21598240188136048
2969,-0.21549999696860045
2970,-0.21466922623846307
2971,-0.21412021063344572
2972,-0.2132934144399164
2973,-0.21773976920498195
2974,-0.21713278301004318
2975,-0.2171800119234813
2976,-0.21874902238423982
2977,-0.21930027582024852
2978,-0.21883007271530752
2979,-0.21860940626570557
2980,-0.21851401196176673
2981,-0.21764196944793152
2982,-0.21710123749882665
2983,-0.21691071554719005
2984,-0.21681726505264726
2985,-0.21725904325115913
2986,-0.2164366365280751
2987,-0.21908224290361128
2988,-0.22033710055546113
2989,-0.21957666722685726
2990,-0.21870851833373173
2991,-0.21868986908043853
2992,-0.21784892192540017
2993,-0.22026179869115908
2994,-0.21943987363071732
2995,-0.2186354109887803
2996,-0.21786739244998282
2997,-0.21739760849868112
2998,-0.2192733945429497
2999,-0.21839770056369345
3000,-0.21756607577746612
